TMDB ID,Title,Release Date,Group
1403,Marvel's Agents of S.H.I.E.L.D.,2013-09-24,ABC
61550,Marvel's Agent Carter,2015-01-06,ABC
61889,Marvel's Daredevil,2015-04-10,Netflix
38472,Marvel's Jessica Jones,2015-11-20,Netflix
62126,Marvel's Luke Cage,2016-09-30,Netflix
69088,Marvel's Agents of S.H.I.E.L.D.: Slingshot,2016-12-13,Other
62127,Marvel's Iron Fist,2017-03-17,Netflix
62285,Marvel's The Defenders,2017-08-18,Netflix
68716,Marvel's Inhumans,2017-09-29,ABC
67178,Marvel's The Punisher,2017-11-17,Netflix
66190,Marvel's Cloak & Dagger,2018-06-07,Other
