TMDB ID,Title,Release Date
85271,WandaVision,2021-01-15
88396,The Falcon and the Winter Soldier,2021-03-19
84958,Loki,2021-06-09
91363,What If...?,2021-08-11
88329,Hawkeye,2021-11-24
92749,Moon Knight,2022-03-30
92782,Ms. Marvel,2022-06-08
232125,I Am Groot,2022-08-10
92783,She-Hulk: Attorney at Law,2022-08-18
114472,Secret Invasion,2023-06-21
122226,Echo,2024-01-09
138501,Agatha All Along,2024-09-18
202555,Daredevil: Born Again,2025-03-04
114471,Ironheart,2025-06-24
241388,Eyes of Wakanda,2025-08-01
138505,Marvel Zombies,2025-09-24
198178,Wonder Man,2026-01-27
213375,VisionQuest,2026-10-14
